Metric,Value
Accuracy,0.6
Precision,0.5636363636363636
Recall,0.6
F1 Score,0.49444444444444446
